id,focus,signal,slack,drag,confidence,score,lane,kind,invariant
g001,rollout width,95,59,8,57,477,ship,baseline,monotonic-signal
g002,quota pressure,69,73,30,47,297,ship,edge,drag-penalty
g003,route drift,104,48,42,87,372,ship,recovery,confidence-floor
g004,secret scope,81,73,29,71,386,ship,negative,lane-boundary
g005,rollout width,117,18,45,68,298,ship,baseline,monotonic-signal
g006,quota pressure,50,28,33,71,183,watch,edge,drag-penalty
g007,route drift,64,70,29,77,341,ship,recovery,confidence-floor
g008,secret scope,31,24,7,84,274,ship,negative,lane-boundary
g009,rollout width,106,38,19,92,483,ship,baseline,monotonic-signal
g010,quota pressure,103,13,5,101,512,ship,edge,drag-penalty
g011,route drift,105,73,42,24,299,ship,recovery,confidence-floor
g012,secret scope,109,35,20,33,363,ship,negative,lane-boundary
g013,rollout width,115,19,23,85,438,ship,baseline,monotonic-signal
g014,quota pressure,77,13,13,29,250,ship,edge,drag-penalty
g015,route drift,106,13,10,49,392,ship,recovery,confidence-floor
g016,secret scope,36,15,31,63,109,hold,negative,lane-boundary
g017,rollout width,48,54,43,32,101,hold,baseline,monotonic-signal
g018,quota pressure,58,76,8,64,414,ship,edge,drag-penalty
g019,route drift,110,19,34,84,366,ship,recovery,confidence-floor
g020,secret scope,52,63,7,56,359,ship,negative,lane-boundary
g021,rollout width,70,53,16,46,328,ship,baseline,monotonic-signal
g022,quota pressure,39,50,43,86,174,watch,edge,drag-penalty
g023,route drift,115,51,37,70,402,ship,recovery,confidence-floor
g024,secret scope,68,19,35,67,201,ship,negative,lane-boundary
g025,rollout width,92,27,15,70,395,ship,baseline,monotonic-signal
g026,quota pressure,108,47,27,76,435,ship,edge,drag-penalty
g027,route drift,31,60,14,83,309,ship,recovery,confidence-floor
g028,secret scope,40,69,30,91,290,ship,negative,lane-boundary
g029,rollout width,92,41,18,100,468,ship,baseline,monotonic-signal
g030,quota pressure,78,64,14,23,338,ship,edge,drag-penalty
g031,route drift,30,8,34,32,0,hold,recovery,confidence-floor
g032,secret scope,48,53,4,84,398,ship,negative,lane-boundary
g033,rollout width,110,8,32,28,242,ship,baseline,monotonic-signal
g034,quota pressure,57,23,27,48,178,watch,edge,drag-penalty
g035,route drift,34,33,5,62,267,ship,recovery,confidence-floor
g036,secret scope,70,75,8,31,382,ship,negative,lane-boundary
g037,rollout width,91,29,40,63,257,ship,baseline,monotonic-signal
g038,quota pressure,105,43,37,83,382,ship,edge,drag-penalty
g039,route drift,72,18,16,55,282,ship,recovery,confidence-floor
g040,secret scope,59,8,28,45,143,watch,negative,lane-boundary
g041,rollout width,56,40,35,85,243,ship,baseline,monotonic-signal
g042,quota pressure,58,24,19,69,265,ship,edge,drag-penalty
g043,route drift,62,18,34,66,184,watch,recovery,confidence-floor
g044,secret scope,68,18,43,69,163,watch,negative,lane-boundary
g045,rollout width,30,20,28,75,140,watch,baseline,monotonic-signal
g046,quota pressure,59,59,22,82,349,ship,edge,drag-penalty
g047,route drift,77,11,20,90,333,ship,recovery,confidence-floor
g048,secret scope,89,24,42,99,303,ship,negative,lane-boundary
g049,rollout width,99,68,12,22,417,ship,baseline,monotonic-signal
g050,quota pressure,63,58,41,31,162,watch,edge,drag-penalty
g051,route drift,93,55,15,83,480,ship,recovery,confidence-floor
g052,secret scope,111,56,45,27,274,ship,negative,lane-boundary
g053,rollout width,80,24,41,47,177,watch,baseline,monotonic-signal
g054,quota pressure,68,32,19,61,295,ship,edge,drag-penalty
g055,route drift,109,52,31,30,336,ship,recovery,confidence-floor
g056,secret scope,45,65,17,62,304,ship,negative,lane-boundary
g057,rollout width,61,74,12,82,435,ship,baseline,monotonic-signal
g058,quota pressure,72,46,32,54,256,ship,edge,drag-penalty
g059,route drift,81,69,35,44,294,ship,recovery,confidence-floor
g060,secret scope,45,13,25,84,204,ship,negative,lane-boundary
g061,rollout width,31,58,22,68,235,ship,baseline,monotonic-signal
g062,quota pressure,71,13,43,65,154,watch,edge,drag-penalty
g063,route drift,89,28,13,68,394,ship,recovery,confidence-floor
g064,secret scope,63,38,20,74,313,ship,negative,lane-boundary
g065,rollout width,98,10,4,81,456,ship,baseline,monotonic-signal
g066,quota pressure,75,34,19,89,376,ship,edge,drag-penalty
g067,route drift,111,48,28,98,485,ship,recovery,confidence-floor
g068,secret scope,44,23,13,21,155,watch,negative,lane-boundary
g069,rollout width,58,13,7,30,225,ship,baseline,monotonic-signal
g070,quota pressure,113,45,5,82,568,ship,edge,drag-penalty
g071,route drift,100,29,27,26,275,ship,recovery,confidence-floor
g072,secret scope,97,23,39,46,234,ship,negative,lane-boundary
g073,rollout width,99,23,26,60,333,ship,baseline,monotonic-signal
g074,quota pressure,103,25,42,29,207,ship,edge,drag-penalty
g075,route drift,109,64,30,61,427,ship,recovery,confidence-floor
g076,secret scope,71,16,26,81,277,ship,negative,lane-boundary
g077,rollout width,100,29,4,53,444,ship,baseline,monotonic-signal
g078,quota pressure,30,73,16,43,242,ship,edge,drag-penalty
g079,route drift,42,63,44,83,198,ship,recovery,confidence-floor
g080,secret scope,52,60,39,67,215,ship,negative,lane-boundary
g081,rollout width,104,61,17,64,477,ship,baseline,monotonic-signal
g082,quota pressure,46,29,20,67,230,ship,edge,drag-penalty
g083,route drift,64,37,10,73,362,ship,recovery,confidence-floor
g084,secret scope,33,57,7,80,338,ship,negative,lane-boundary
g085,rollout width,109,70,28,88,503,ship,baseline,monotonic-signal
g086,quota pressure,62,9,40,97,198,ship,edge,drag-penalty
g087,route drift,86,51,5,20,375,ship,recovery,confidence-floor
g088,secret scope,102,74,31,29,357,ship,negative,lane-boundary
g089,rollout width,113,18,4,81,517,ship,baseline,monotonic-signal
g090,quota pressure,34,63,13,25,213,ship,edge,drag-penalty
g091,route drift,86,18,40,45,184,watch,recovery,confidence-floor
g092,secret scope,72,33,34,59,230,ship,negative,lane-boundary
g093,rollout width,112,43,32,28,318,ship,baseline,monotonic-signal
g094,quota pressure,42,15,12,60,216,ship,edge,drag-penalty
g095,route drift,104,39,24,80,430,ship,recovery,confidence-floor
g096,secret scope,51,53,11,52,308,ship,negative,lane-boundary
